{
  "next-env.d.ts": 1776221359.4509058,
  "next.config.ts": 1775782774.1006258,
  "supabase/migrate_from_xlsx.py": 1775553258.0,
  "supabase/database.ts": 1775553258.0,
  "public/sw.js": 1775782864.1098552,
  "src/proxy.ts": 1775538392.49111,
  "src/app/layout.tsx": 1775702034.6677916,
  "src/app/page.tsx": 1775535344.443747,
  "src/app/loans/loans-page-client.tsx": 1776177656.218556,
  "src/app/loans/page.tsx": 1776150817.747472,
  "src/app/loans/[loan_id]/page.tsx": 1776177220.9619124,
  "src/app/settings/page.tsx": 1776177308.92583,
  "src/app/savings-goals/page.tsx": 1776145598.4236772,
  "src/app/employers/employers-page-client.tsx": 1776177256.8143842,
  "src/app/employers/page.tsx": 1776177205.303773,
  "src/app/paychecks/page.tsx": 1776145598.4268472,
  "src/app/tax-estimator/page.tsx": 1776145605.93374,
  "src/app/subscriptions/page.tsx": 1776177212.5493867,
  "src/app/dashboard/page.tsx": 1776220506.2246928,
  "src/app/ai-chat/page.tsx": 1776221307.9025335,
  "src/app/transactions/transactions-client.tsx": 1776177621.6478896,
  "src/app/transactions/page.tsx": 1776177484.6257467,
  "src/app/ai-review/page.tsx": 1776221326.355944,
  "src/app/accounts/accounts-page-client.tsx": 1776217466.413472,
  "src/app/accounts/page.tsx": 1776177281.710421,
  "src/app/budgets/budgets-page-client.tsx": 1776177474.4391158,
  "src/app/budgets/page.tsx": 1776177398.813464,
  "src/app/api/loans/payments/route.ts": 1775964750.4443493,
  "src/app/api/savings-goals/route.ts": 1775621791.698167,
  "src/app/api/savings-goals/[id]/route.ts": 1775621799.5302992,
  "src/app/api/dashboard/route.ts": 1776219957.652863,
  "src/app/api/ai-chat/route.ts": 1776219961.1749697,
  "src/app/api/transactions/route.ts": 1775971876.656978,
  "src/app/api/transactions/categorize/route.ts": 1776220447.0569143,
  "src/app/api/transactions/[id]/route.ts": 1775946951.5100293,
  "src/app/api/ai-review/route.ts": 1776222161.580891,
  "src/app/api/accounts/recalculate-balances/route.ts": 1776217438.38155,
  "src/app/api/budgets/route.ts": 1775542820.1029737,
  "src/app/api/budgets/[id]/route.ts": 1775542827.1435661,
  "src/app/api/recurring-rules/route.ts": 1775621921.1844351,
  "src/app/api/recurring-rules/[id]/route.ts": 1775621925.5745952,
  "src/app/api/import/webhook/route.ts": 1775625822.3699865,
  "src/app/api/categories/route.ts": 1775966371.31158,
  "src/app/api/categories/[id]/route.ts": 1775968466.8442304,
  "src/app/api/cron/budget-alerts/route.ts": 1775705300.151992,
  "src/app/api/cron/subscription-autopay/route.ts": 1775945221.3810658,
  "src/app/api/cron/generate-recurring/route.ts": 1775945250.8455572,
  "src/app/api/cron/networth-snapshot/route.ts": 1775627831.574001,
  "src/app/api/cron/promote-imports/route.ts": 1775794365.9408915,
  "src/app/(auth)/login/page.tsx": 1775536058.7644455,
  "src/app/import/page.tsx": 1775930921.355797,
  "src/app/categories/categories-page-client.tsx": 1776177198.9245052,
  "src/app/categories/page.tsx": 1776177151.4696927,
  "src/app/recurring/page.tsx": 1776145598.4293094,
  "src/app/investments/page.tsx": 1776145598.430495,
  "src/components/auth-provider.tsx": 1775535761.3105612,
  "src/components/ui/markdown-content.tsx": 1776220091.733015,
  "src/components/ui/confirm-dialog.tsx": 1775876850.4238803,
  "src/components/ui/error-boundary.tsx": 1775626741.7338376,
  "src/components/ui/form-field.tsx": 1775876836.3010075,
  "src/components/ui/offline-banner.tsx": 1775702025.0739162,
  "src/components/ui/card.tsx": 1776145972.52724,
  "src/components/ui/floating-ai-chat.tsx": 1776220040.165,
  "src/components/ui/month-nav.tsx": 1775876861.3536942,
  "src/components/ui/empty-state.tsx": 1775876845.1215813,
  "src/components/ui/info-tooltip.tsx": 1775784642.78442,
  "src/components/ui/status-badge.tsx": 1775876856.6267447,
  "src/components/ui/keyboard-shortcuts.tsx": 1775705112.5819786,
  "src/components/ui/help-modal.tsx": 1775930618.4062624,
  "src/components/ui/button.tsx": 1775535292.7327967,
  "src/components/ui/page-header.tsx": 1775876839.7662604,
  "src/components/ui/modal.tsx": 1775876826.7261128,
  "src/components/ui/toast.tsx": 1775626305.2099683,
  "src/components/ui/app-shell.tsx": 1776150891.2974656,
  "src/components/ui/sw-register.tsx": 1775702027.681884,
  "src/components/ui/skeleton.tsx": 1776177469.6088588,
  "src/components/auth/login-form.tsx": 1775539385.8702216,
  "src/components/charts/category-pie-chart.tsx": 1776145544.847292,
  "src/components/charts/month-comparison-chart.tsx": 1776145718.557867,
  "src/components/charts/net-worth-chart.tsx": 1776145724.300791,
  "src/components/dashboard/InsightExpander.tsx": 1776221352.5110607,
  "src/components/transactions/transaction-modal.tsx": 1776221343.1903176,
  "src/lib/supabase-server.ts": 1775542774.3950024,
  "src/lib/queries.ts": 1775786835.394146,
  "src/lib/email-parsing.ts": 1775705278.4934323,
  "src/lib/utils.ts": 1776177051.26055,
  "src/lib/types.ts": 1776222122.226663,
  "src/lib/offline.ts": 1775702016.0517309,
  "src/lib/supabase.ts": 1775539391.5167859,
  "BUGS.md": 1776221390.2115262,
  "SETUP_README.md": 1776222009.893043,
  "TODO.md": 1776221741.8025513,
  "README.md": 1775533435.2374837,
  "MEMORY.md": 1776221398.003997,
  "REVIEW.md": 1776149501.682909,
  "CLAUDE.md": 1776238332.2926772,
  "supabase/README.md": 1775529676.5921946,
  "graphify-out/converted/2026_-_Finance_Tracker_bb636bb0.md": 1776238059.307162,
  "PRD/PRD.md": 1775532829.2336416,
  "PRD/Feature Requirements Addendum.md": 1775783904.4151213,
  "public/file.svg": 1775533435.2386656,
  "public/icon-192.png": 1776244634.0,
  "public/vercel.svg": 1775533435.238687,
  "public/next.svg": 1775533435.2388368,
  "public/globe.svg": 1775533435.238636,
  "public/window.svg": 1775533435.2386885,
  "public/icon-512.png": 1776244634.0
}